,AC Type,Probs
0,E90,0.384180790960452
1,738,0.15819209039548024
2,737,0.11864406779661017
3,AT7,0.11299435028248588
4,788,0.06779661016949153
5,320,0.05649717514124294
6,330,0.03389830508474576
7,773,0.01694915254237288
8,CRJ,0.01694915254237288
9,332,0.011299435028248588
10,B73,0.005649717514124294
11,73J,0.005649717514124294
12,747,0.005649717514124294
13,772,0.005649717514124294
